{"cameraMode":{"drawMode":0,"name":"Shaded","section":"Shading Mode"},"sceneLighting":true,"audioPlay":false,"sceneViewState":{"showFog":true,"showMaterialUpdate":false,"showSkybox":true,"showFlares":true,"showImageEffects":true,"showParticleSystems":true},"in2DMode":false,"pivot":{"x":669.76416015625,"y":485.4176940917969,"z":280.82275390625},"rotation":{"x":-0.08512619137763977,"y":0.07912621647119522,"z":0.0067818304523825649,"w":0.9932006597518921},"size":782.4351806640625,"orthographic":false}